{"stat.useItem.minecraft.splash_potion":118,"stat.mineBlock.nebulus.celestialrock":2,"stat.walkOneCm":59094,"stat.pickup.minecraft.splash_potion":4,"stat.leaveGame":1,"stat.killEntity.squirralien":4,"stat.mobKills":7,"stat.drop.minecraft.splash_potion":4,"stat.killEntity.tracker":3,"stat.drop.nebulus.squirraliensword":4,"stat.mineBlock.nebulus.moltennicedispensers":1,"stat.flyOneCm":33721,"stat.pickup.nebulus.squirraliensword":8,"stat.drop":8,"stat.jump":163,"stat.swimOneCm":1468,"stat.playOneMinute":241119,"stat.climbOneCm":5364,"stat.sneakTime":1767,"stat.damageDealt":1566,"stat.crouchOneCm":1050,"stat.pickup.nebulus.celestialrock":2,"stat.timeSinceDeath":241119,"stat.pickup.nebulus.moltennicedispensers":1,"stat.sprintOneCm":11717,"stat.useItem.minecraft.stone_slab2":126,"stat.useItem.minecraft.spawn_egg":11,"stat.diveOneCm":3392}