{"stat.chestOpened":5,"stat.drop.nebulus.lagsphere":1,"stat.pickup.nebulus.disappearinggeye":2,"stat.walkOneCm":104601,"stat.pickup.nebulus.peeringeyefilament":2,"stat.useItem.minecraft.chest":7,"stat.pickup.minecraft.command_block":8,"stat.pickup.minecraft.sign":2,"stat.pickup.nebulus.lagsphere":1,"stat.leaveGame":1,"stat.damageTaken":330,"stat.drop.vehicle.smart_car_body":2,"stat.useItem.nebulus.eye":5,"stat.flyOneCm":25138,"stat.pickup.minecraft.lever":2,"stat.pickup.ogameconsoles.arcade_machine":2,"stat.drop":3,"stat.pickup.nebulus.eye":1,"stat.jump":413,"stat.swimOneCm":1709,"stat.playOneMinute":179906,"stat.climbOneCm":20309,"stat.fallOneCm":4324,"stat.sneakTime":2433,"stat.damageDealt":10,"stat.crouchOneCm":1031,"stat.useItem.cfm.tv_remote":3,"stat.pickup.nebulus.celestialrock":1,"stat.timeSinceDeath":179906,"stat.pickup.cfm.tv_remote":2,"stat.sprintOneCm":20062,"stat.pickup.vehicle.smart_car_body":2,"stat.useItem.minecraft.spawn_egg":1,"stat.useItem.minecraft.stone_slab2":252,"stat.diveOneCm":1918,"stat.pickup.minecraft.chest":4}