{"stat.chestOpened":4,"stat.flyOneCm":4133,"stat.walkOneCm":38800,"stat.drop":2,"stat.pickup.minecraft.milk_bucket":1,"stat.jump":179,"stat.swimOneCm":248,"stat.playOneMinute":42606,"stat.climbOneCm":39219,"stat.pickup.ic2.jetpack_electric":1,"stat.pickup.ic2.containment_box":2,"stat.leaveGame":1,"stat.sneakTime":341,"stat.useItem.ic2.barrel":1,"stat.damageDealt":20,"stat.drop.ic2.jetpack_electric":1,"stat.pickup.nebulus.mysteriousegg":1,"stat.crouchOneCm":415,"stat.timeSinceDeath":42606,"stat.drop.nebulus.mysteriousegg":1,"stat.sprintOneCm":1663,"stat.useItem.minecraft.stone_slab2":92}