{"stat.chestOpened":2,"stat.walkOneCm":24873,"stat.useItem.ic2.scaffold":9,"stat.useItem.nebulus.leptospyradiaa_trigger":3,"stat.pickup.ic2.containment_box":2,"stat.leaveGame":1,"stat.useItem.ic2.barrel":2,"stat.pickup.ic2.misc_resource":2,"stat.useItem.ic2.debug_item":1,"stat.flyOneCm":30259,"stat.useItem.twa.weighted_cube":6,"stat.useItem.ic2.treetap":1,"stat.useItem.nebulus.celestialrock":5,"stat.jump":151,"stat.swimOneCm":163,"stat.playOneMinute":61938,"stat.climbOneCm":21191,"stat.sneakTime":1352,"stat.damageDealt":60,"stat.pickup.ic2.scaffold":1,"stat.crouchOneCm":525,"stat.timeSinceDeath":61938,"stat.sprintOneCm":1430,"stat.useItem.minecraft.stone_slab2":203,"stat.useItem.minecraft.spawn_egg":1}