{"stat.drop.nebulus.nebulatedice":2,"stat.useItem.twa.radio":1,"stat.flyOneCm":36363,"stat.useItem.ic2.remote":4,"stat.walkOneCm":48097,"stat.useItem.twa.weighted_cube":4,"stat.drop.twa.weighted_cube":1,"stat.drop":3,"stat.useItem.nebulus.celestialrock":8,"stat.jump":294,"stat.playOneMinute":78635,"stat.climbOneCm":32254,"stat.leaveGame":1,"stat.sneakTime":1178,"stat.useItem.nebulus.tuberculos_trigger":6,"stat.damageDealt":50,"stat.crouchOneCm":765,"stat.timeSinceDeath":78635,"stat.pickup.nebulus.nebulatedice":2,"stat.sprintOneCm":4675,"stat.mobKills":1,"stat.useItem.minecraft.stone_slab2":149,"stat.useItem.ic2.dynamite":2}