{"stat.flyOneCm":10343,"stat.useItem.minecraft.splash_potion":37,"stat.walkOneCm":22174,"stat.drop":2,"stat.jump":62,"stat.swimOneCm":1732,"stat.playOneMinute":35634,"stat.climbOneCm":4095,"stat.pickup.nebulus.squirralientongue":2,"stat.useItem.nebulus.squirralientongue":17,"stat.leaveGame":1,"stat.sneakTime":577,"stat.damageDealt":923,"stat.crouchOneCm":627,"stat.timeSinceDeath":35634,"stat.killEntity.squirralien":2,"stat.mobKills":2,"stat.sprintOneCm":2957,"stat.useItem.minecraft.stone_slab2":45,"stat.useItem.minecraft.spawn_egg":3,"stat.useItem.minecraft.diamond_sword":11,"stat.diveOneCm":6638,"stat.drop.nebulus.squirralientongue":2}