{"stat.chestOpened":8,"stat.walkOneCm":78753,"stat.pickup.vehicle.vehicle_crate":1,"stat.leaveGame":1,"stat.useItem.ic2.barrel":6,"stat.drop.vehicle.sports_plane_body":1,"stat.drop.vehicle.workstation":1,"stat.aviateOneCm":18984,"stat.flyOneCm":22472,"stat.drop":2,"stat.jump":291,"stat.swimOneCm":49,"stat.playOneMinute":128241,"stat.climbOneCm":17402,"stat.sneakTime":1765,"stat.damageDealt":30,"stat.crouchOneCm":794,"stat.timeSinceDeath":128241,"stat.sprintOneCm":11756,"stat.useItem.minecraft.stone_slab2":228,"stat.pickup.vehicle.sports_plane_body":1,"stat.pickup.vehicle.workstation":1,"stat.diveOneCm":510,"stat.useItem.minecraft.fireworks":14}