{"stat.flyOneCm":15736,"stat.useItem.minecraft.splash_potion":16,"stat.drop.nebulus.leptospyradian_power_core":1,"stat.walkOneCm":16162,"stat.drop":1,"stat.jump":190,"stat.swimOneCm":879,"stat.pickup.nebulus.leptospyradian_power_core":1,"stat.playOneMinute":92684,"stat.climbOneCm":3662,"stat.leaveGame":1,"stat.sneakTime":317,"stat.damageDealt":110,"stat.crouchOneCm":256,"stat.timeSinceDeath":92684,"stat.pickup.cfm.tv_remote":1,"stat.sprintOneCm":2476,"stat.useItem.minecraft.stone_slab2":18,"stat.useItem.minecraft.spawn_egg":1,"stat.diveOneCm":2180}