{"stat.useItem.minecraft.bow":6,"stat.useItem.minecraft.splash_potion":65,"stat.drop.minecraft.bow":1,"stat.walkOneCm":64596,"stat.pickup.minecraft.splash_potion":1,"stat.leaveGame":1,"stat.craftItem.vehicle.wheel":1,"stat.pickup.vehicle.jack":2,"stat.drop.vehicle.jack":1,"stat.killEntity.squirralien":1,"stat.useItem.vehicle.jack":7,"stat.mobKills":1,"stat.drop.minecraft.splash_potion":1,"stat.flyOneCm":21399,"stat.drop":4,"stat.jump":200,"stat.swimOneCm":1447,"stat.playOneMinute":121070,"stat.climbOneCm":8347,"stat.sneakTime":1051,"stat.pickup.vehicle.wheel":1,"stat.damageDealt":411,"stat.crouchOneCm":1002,"stat.timeSinceDeath":121070,"stat.drop.vehicle.wheel":1,"stat.sprintOneCm":7240,"stat.useItem.minecraft.stone_slab2":125,"stat.useItem.minecraft.spawn_egg":1,"stat.pickup.minecraft.bow":1,"stat.diveOneCm":5087,"stat.craftingTableInteraction":1}