{"stat.flyOneCm":12452,"stat.walkOneCm":55982,"stat.jump":119,"stat.swimOneCm":844,"stat.playOneMinute":56008,"stat.climbOneCm":4298,"stat.killEntity.hythalumturtle":6,"stat.leaveGame":1,"stat.sneakTime":316,"stat.damageDealt":660,"stat.crouchOneCm":389,"stat.timeSinceDeath":56008,"stat.sprintOneCm":6537,"stat.mobKills":6,"stat.useItem.minecraft.spawn_egg":16,"stat.useItem.minecraft.stone_slab2":30,"stat.pickup.nebulus.hythaliumcoral":1,"stat.useItem.minecraft.diamond_sword":14,"stat.diveOneCm":2712}