{
  "minecraft:recipes/decorations/chest": {
    "criteria": {
      "has_lots_of_items": "2019-02-23 15:09:17 +0800"
    },
    "done": true
  },
  "minecraft:adventure/root": {
    "criteria": {
      "killed_something": "2019-02-23 15:48:29 +0800"
    },
    "done": true
  },
  "minecraft:adventure/adventuring_time": {
    "criteria": {
      "plains": "2019-02-23 15:43:31 +0800"
    },
    "done": false
  },
  "minecraft:recipes/building_blocks/bookshelf": {
    "criteria": {
      "has_book": "2019-02-23 15:41:55 +0800"
    },
    "done": true
  },
  "minecraft:recipes/misc/writable_book": {
    "criteria": {
      "has_book": "2019-02-23 15:41:55 +0800"
    },
    "done": true
  }
}