{"stat.pickup.nebulus.table":3,"stat.drop.forge.bucketfilled":1,"stat.flyOneCm":3015,"stat.walkOneCm":23453,"stat.drop":4,"stat.jump":63,"stat.swimOneCm":431,"stat.playOneMinute":31383,"stat.leaveGame":1,"stat.sneakTime":737,"stat.pickup.minecraft.slime_ball":3,"stat.killEntity.Slime":4,"stat.pickup.nebulus.solurtondispenserempty":1,"stat.damageDealt":20,"stat.crouchOneCm":558,"stat.timeSinceDeath":31383,"stat.sprintOneCm":5156,"stat.useItem.nebulus.choleratis_trigger":89,"stat.mobKills":4,"stat.useItem.minecraft.stone_slab2":160,"stat.pickup.forge.bucketfilled":1,"stat.pickup.nebulus.nebulus_trigger":1,"stat.drop.nebulus.table":3}