{"stat.flyOneCm":38435,"stat.pickup.nebulus.chair":2,"stat.walkOneCm":43409,"stat.drop":3,"stat.jump":87,"stat.swimOneCm":41,"stat.playOneMinute":84859,"stat.drop.nebulus.chair":2,"stat.leaveGame":1,"stat.sneakTime":1320,"stat.damageDealt":110,"stat.crouchOneCm":2187,"stat.timeSinceDeath":84859,"stat.pickup.nebulus.altar":1,"stat.drop.nebulus.altar":1,"stat.sprintOneCm":4050,"stat.mobKills":4,"stat.useItem.minecraft.stone_slab2":231,"stat.useItem.minecraft.spawn_egg":12,"stat.killEntity.tracker":3,"stat.killEntity.watergolem":1}