{"stat.walkOneCm":16472,"stat.useItem.nebulus.leptospyradiaa_trigger":3,"stat.leaveGame":1,"stat.killEntity.Slime":6,"stat.mobKills":9,"stat.drop.nebulus.productionline":1,"stat.pickup.nebulus.table":1,"stat.flyOneCm":16986,"stat.drop":3,"stat.jump":37,"stat.swimOneCm":587,"stat.playOneMinute":36741,"stat.drop.nebulus.prodline":1,"stat.killEntity.Sheep":1,"stat.sneakTime":1002,"stat.pickup.minecraft.wool":1,"stat.damageDealt":130,"stat.crouchOneCm":1809,"stat.pickup.nebulus.prodline":1,"stat.timeSinceDeath":36741,"stat.pickup.nebulus.productionline":1,"stat.sprintOneCm":1666,"stat.useItem.minecraft.stone_slab2":112,"stat.useItem.minecraft.spawn_egg":6,"stat.killEntity.astronaut":2,"stat.pickup.minecraft.mutton":1,"stat.drop.nebulus.table":1}