{"stat.chestOpened":6,"stat.drop.vehicle.dune_buggy_handle_bar":1,"stat.flyOneCm":9552,"stat.walkOneCm":20610,"stat.drop":2,"stat.jump":51,"stat.pickup.minecraft.beetroot_seeds":1,"stat.playOneMinute":56935,"stat.climbOneCm":8775,"stat.sneakTime":1965,"stat.pickup.vehicle.dune_buggy_handle_bar":1,"stat.pickup.vehicle.shopping_cart_body":1,"stat.damageDealt":10,"stat.crouchOneCm":1096,"stat.timeSinceDeath":56935,"stat.sprintOneCm":2359,"stat.mobKills":1,"stat.useItem.minecraft.stone_slab2":29,"stat.drop.vehicle.shopping_cart_body":1}