{"stat.flyOneCm":19686,"stat.walkOneCm":24905,"stat.drop":3,"stat.useItem.nebulus.celestialrock":5,"stat.swimOneCm":1573,"stat.jump":132,"stat.pickup.nebulus.nebulitemeteorinner":2,"stat.playOneMinute":89146,"stat.drop.nebulus.nebuluslorebook":1,"stat.pickup.twa.test_chamber_sign":1,"stat.climbOneCm":13416,"stat.leaveGame":1,"stat.sneakTime":821,"stat.drop.nebulus.nebulitemeteorinner":2,"stat.useItem.nebulus.tuberculos_trigger":5,"stat.damageDealt":10,"stat.crouchOneCm":260,"stat.pickup.nebulus.celestialrock":2,"stat.timeSinceDeath":89146,"stat.sprintOneCm":1941,"stat.pickup.nebulus.nebuluslorebook":1,"stat.useItem.minecraft.stone_slab2":225}