{"stat.chestOpened":8,"stat.useItem.twa.metal_surface":3,"stat.drop.nebulus.lagsphere":1,"stat.pickup.twa.metal_surface":2,"stat.walkOneCm":59488,"stat.boatOneCm":18830,"stat.drop.ic2.electric_treetap":1,"stat.recordPlayed":1,"stat.leaveGame":1,"stat.pickup.ic2.misc_resource":34,"stat.pickup.nebulus.etherealgrass":1,"stat.mobKills":1,"stat.useItem.nebulus.eye":5,"stat.killEntity.tracker":1,"stat.pickup.ic2.te":2,"stat.useItem.ic2.te":2,"stat.flyOneCm":29665,"stat.useItem.ic2.electric_treetap":6,"stat.useItem.minecraft.boat":2,"stat.pickup.twa.record_want_you_gone":1,"stat.pickup.ogameconsoles.arcade_machine":1,"stat.useItem.ic2.treetap":3,"stat.drop":11,"stat.pickup.nebulus.eye":1,"stat.useItem.nebulus.celestialrock":50,"stat.swimOneCm":1440,"stat.jump":279,"stat.useItem.nebulus.etherealgrass":2,"stat.playOneMinute":72893,"stat.climbOneCm":16535,"stat.sneakTime":1200,"stat.damageDealt":30,"stat.pickup.minecraft.hopper":1,"stat.crouchOneCm":662,"stat.pickup.nebulus.celestialrock":38,"stat.timeSinceDeath":72893,"stat.drop.minecraft.chest":1,"stat.drop.nebulus.etherealgrass":1,"stat.hopperInspected":4,"stat.pickup.ic2.mining_pipe":3,"stat.sprintOneCm":4025,"stat.useItem.minecraft.stone_slab2":246,"stat.drop.ic2.misc_resource":7,"stat.diveOneCm":5549,"stat.pickup.minecraft.chest":1}