{"stat.flyOneCm":10180,"stat.useItem.minecraft.splash_potion":3,"stat.pickup.nebulus.squirraliensword":5,"stat.walkOneCm":13770,"stat.drop":6,"stat.jump":37,"stat.swimOneCm":171,"stat.playOneMinute":20752,"stat.pickup.nebulus.squirralientongue":1,"stat.leaveGame":1,"stat.sneakTime":787,"stat.damageDealt":190,"stat.crouchOneCm":317,"stat.timeSinceDeath":20752,"stat.sprintOneCm":676,"stat.useItem.minecraft.stone_slab2":71,"stat.useItem.minecraft.spawn_egg":2,"stat.drop.nebulus.squirraliensword":5,"stat.diveOneCm":56,"stat.drop.nebulus.squirralientongue":1}