{"stat.flyOneCm":5871,"stat.useItem.minecraft.splash_potion":13,"stat.useItem.minecraft.ender_pearl":1,"stat.walkOneCm":15828,"stat.drop":1,"stat.jump":67,"stat.swimOneCm":458,"stat.playOneMinute":26046,"stat.killEntity.hythalumturtle":2,"stat.pickup.nebulus.squirralientongue":1,"stat.leaveGame":1,"stat.sneakTime":274,"stat.damageDealt":128,"stat.crouchOneCm":203,"stat.timeSinceDeath":26046,"stat.sprintOneCm":811,"stat.mobKills":7,"stat.useItem.minecraft.stone_slab2":78,"stat.useItem.minecraft.spawn_egg":2,"stat.killEntity.tracker":5,"stat.diveOneCm":578,"stat.drop.nebulus.squirralientongue":1}