{"stat.chestOpened":6,"stat.useItem.twa.turret":2,"stat.walkOneCm":56767,"stat.drop.minecraft.hopper":1,"stat.pickup.ic2.containment_box":2,"stat.leaveGame":1,"stat.useItem.ic2.wrench":35,"stat.pickup.ic2.misc_resource":32,"stat.drop.minecraft.water_bucket":1,"stat.mobKills":3,"stat.useItem.nebulus.eye":94,"stat.drop.ic2.te":1,"stat.killEntity.tracker":1,"stat.pickup.minecraft.iron_trapdoor":1,"stat.pickup.twa.turret":2,"stat.pickup.ic2.te":25,"stat.useItem.ic2.te":15,"stat.pickup.nebulus.celestialgrass":2,"stat.flyOneCm":47638,"stat.pickup.minecraft.water_bucket":1,"stat.useItem.ic2.treetap":30,"stat.pickup.nebulus.eye":2,"stat.drop":6,"stat.jump":309,"stat.swimOneCm":8961,"stat.playOneMinute":113856,"stat.climbOneCm":20673,"stat.sneakTime":2537,"stat.damageDealt":168,"stat.pickup.minecraft.hopper":1,"stat.crouchOneCm":4425,"stat.pickup.nebulus.celestialrock":4,"stat.timeSinceDeath":113856,"stat.hopperInspected":13,"stat.sprintOneCm":5519,"stat.useItem.minecraft.stone_slab2":331,"stat.useItem.minecraft.spawn_egg":5,"stat.diveOneCm":22465,"stat.drop.ic2.misc_resource":1,"stat.useItem.minecraft.water_bucket":92,"stat.drop.ic2.treetap":2}