{"stat.chestOpened":2,"stat.walkOneCm":29213,"stat.pickup.vehicle.electric_engine":2,"stat.leaveGame":1,"stat.flyOneCm":2171,"stat.pickup.vehicle.panel":28,"stat.drop":1,"stat.jump":58,"stat.swimOneCm":14,"stat.playOneMinute":21046,"stat.useItem.nebulus.lumeniaso_trigger":4,"stat.drop.nebulus.prodline":1,"stat.pickup.minecraft.iron_ingot":145,"stat.climbOneCm":23040,"stat.pickup.vehicle.wheel":8,"stat.sneakTime":549,"stat.pickup.minecraft.wool":14,"stat.pickup.minecraft.glass_pane":12,"stat.pickup.minecraft.redstone":15,"stat.crouchOneCm":175,"stat.pickup.nebulus.prodline":1,"stat.timeSinceDeath":21046,"stat.sprintOneCm":2449,"stat.useItem.minecraft.stone_slab2":160}