{"stat.flyOneCm":8135,"stat.useItem.minecraft.splash_potion":6,"stat.pickup.nebulus.squirraliensword":2,"stat.walkOneCm":4512,"stat.jump":14,"stat.swimOneCm":295,"stat.playOneMinute":49416,"stat.leaveGame":1,"stat.sneakTime":244,"stat.damageDealt":628,"stat.crouchOneCm":306,"stat.timeSinceDeath":49416,"stat.killEntity.squirralien":2,"stat.mobKills":2,"stat.sprintOneCm":166,"stat.useItem.minecraft.spawn_egg":1,"stat.pickup.nebulus.hymelium_trigger":1,"stat.useItem.minecraft.stone_slab2":8,"stat.diveOneCm":101,"stat.useItem.minecraft.diamond_sword":4}