{"stat.chestOpened":34,"stat.walkOneCm":90872,"stat.pickup.nebulus.nebulitemeteorinner":1,"stat.useItem.ic2.upgrade_kit":4,"stat.drop.ic2.mining_pipe":1,"stat.leaveGame":1,"stat.useItem.ic2.wrench":9,"stat.pickup.nebulus.lorebookblock":1,"stat.useItem.ic2.debug_item":4,"stat.drop.ic2.te":2,"stat.pickup.ic2.te":10,"stat.useItem.ic2.te":6,"stat.flyOneCm":24285,"stat.useItem.nebulus.nebulitemeteorinner":1,"stat.pickup.minecraft.lever":1,"stat.useItem.nebulus.celestialrock":1,"stat.drop":3,"stat.jump":515,"stat.swimOneCm":131,"stat.playOneMinute":91620,"stat.climbOneCm":69559,"stat.pickup.nebulus.nebuwillowleaves":1,"stat.sneakTime":2099,"stat.useItem.nebulus.tuberculos_trigger":2,"stat.pickup.nebulus.nebulizer":1,"stat.damageDealt":70,"stat.crouchOneCm":1684,"stat.pickup.nebulus.celestialrock":1,"stat.timeSinceDeath":91620,"stat.pickup.ic2.mining_pipe":1,"stat.sprintOneCm":5067,"stat.useItem.minecraft.stone_slab2":101,"stat.pickup.nebulus.nebuluslorebook":1}