{
  "minecraft:recipes/redstone/sticky_piston": {
    "criteria": {
      "has_slime_ball": "2019-03-02 23:18:27 +0800"
    },
    "done": true
  },
  "minecraft:recipes/tools/lead": {
    "criteria": {
      "has_slime_ball": "2019-03-02 23:18:27 +0800"
    },
    "done": true
  },
  "cfm:root": {
    "criteria": {
      "tick": "2019-03-02 23:15:04 +0800"
    },
    "done": true
  },
  "cfm:install": {
    "criteria": {
      "tick": "2019-03-02 23:15:04 +0800"
    },
    "done": true
  },
  "minecraft:adventure/adventuring_time": {
    "criteria": {
      "plains": "2019-03-02 23:15:04 +0800"
    },
    "done": false
  }
}